path,method,uncompressed_size,compressed_size,data_offset
ABBS.info,-lh5-,1233,779,36
ABBS/ABBS-Icon,-lh5-,1233,779,864
ABBS/ABBS.info,-lh5-,931,412,1692
ABBS/ABBS.readme,-lh5-,750,457,2155
ABBS/arkiv/xprym190.lzh,-lh0-,12874,12874,2670
ABBS/arkiv/xprzmodem.lzh,-lh0-,74876,74876,15603
ABBS/Bulletins/days1,-lh5-,413,205,90534
ABBS/Bulletins/News1,-lh5-,222,120,90794
ABBS/Bulletins/newsbl,-lh0-,52,52,90970
ABBS/c/installer,-lh5-,109956,60618,91073
ABBS/Catalogs/norsk/FE.catalog,-lh5-,5696,2393,151756
ABBS/Conferences/FILEINFO.h,-lh0-,0,0,154211
ABBS/Conferences/FILEINFO.m,-lh0-,0,0,154273
ABBS/Conferences/NEWS.h,-lh0-,0,0,154331
ABBS/Conferences/NEWS.m,-lh0-,0,0,154389
ABBS/Conferences/POST.h,-lh0-,0,0,154447
ABBS/Conferences/POST.m,-lh0-,0,0,154505
ABBS/Conferences/USERINFO.h,-lh0-,0,0,154567
ABBS/Conferences/USERINFO.m,-lh0-,0,0,154629
ABBS/Config/abbs.keys,-lh5-,185,133,154685
ABBS/Config/banfile,-lh5-,328,205,154872
ABBS/Config/colorfile,-lh0-,20,20,155133
ABBS/Config/filebanfile,-lh5-,264,169,155211
ABBS/Config/node1.config,-lh5-,476,155,155439
ABBS/Config/startup.config,-lh5-,278,180,155655
ABBS/Docs.info,-lh5-,1233,817,155884
ABBS/Docs/ABBS.doc,-lh5-,15871,5675,156754
ABBS/Docs/ABBS.doc.info,-lh5-,1437,548,162487
ABBS/Docs/ABBS.guide,-lh5-,160780,53793,163090
ABBS/Docs/ABBS.guide.info,-lh5-,1437,543,216943
ABBS/Docs/abbsrexx.doc,-lh5-,18873,4621,217543
ABBS/Docs/abbsrexx.doc.info,-lh5-,1437,541,222226
ABBS/Docs/abbsrexx.guide,-lh5-,5651,1864,222826
ABBS/Docs/abbsusers.doc,-lh5-,258,181,224748
ABBS/Docs/abbsusers.doc.info,-lh5-,1437,542,224992
ABBS/Docs/AddFile.doc,-lh5-,2013,992,225590
ABBS/Docs/AddFile.doc.info,-lh5-,1437,544,226643
ABBS/Docs/AddMsg.doc,-lh5-,685,353,227242
ABBS/Docs/AddMsg.doc.info,-lh5-,1437,544,227655
ABBS/Docs/Broadcast.doc,-lh5-,372,237,228257
ABBS/Docs/Broadcast.doc.info,-lh5-,1437,543,228557
ABBS/Docs/checkconferences.doc,-lh5-,704,393,229165
ABBS/Docs/checkconferences.doc.info,-lh5-,1437,543,229628
ABBS/Docs/ConfigBBS.doc,-lh5-,7819,2917,230229
ABBS/Docs/ConfigBBS.doc.info,-lh5-,1437,544,233209
ABBS/Docs/ConfigNode.doc,-lh5-,12361,4408,233812
ABBS/Docs/ConfigNode.doc.info,-lh5-,1437,544,238284
ABBS/Docs/Doors.doc,-lh5-,2625,1276,238882
ABBS/Docs/Doors.doc.info,-lh5-,1437,544,240217
ABBS/Docs/FileCache.doc,-lh5-,381,226,240819
ABBS/Docs/FileCache.doc.info,-lh5-,1437,546,241108
ABBS/Docs/flextractor.doc,-lh5-,2449,1046,241714
ABBS/Docs/flextractor.doc.info,-lh5-,1437,545,242825
ABBS/Docs/flmaker.doc,-lh5-,2059,704,243426
ABBS/Docs/Installation.doc,-lh5-,3243,1351,244191
ABBS/Docs/Installation.doc.info,-lh5-,1437,544,245608
ABBS/Docs/ListFiles.doc.info,-lh5-,1437,546,246215
ABBS/Docs/MiscMenu.doc,-lh5-,907,455,246818
ABBS/Docs/MiscMenu.doc.info,-lh5-,1437,544,247335
ABBS/Docs/scripts.doc,-lh5-,950,361,247935
ABBS/Docs/scripts.doc.info,-lh5-,1437,541,248357
ABBS/Docs/SysopAvail.doc,-lh5-,171,114,248957
ABBS/Docs/SysopAvail.doc.info,-lh5-,1437,547,249135
ABBS/Docs/ToggleCache.doc,-lh5-,381,226,249742
ABBS/Docs/ToggleCache.doc.info,-lh5-,1437,544,250033
ABBS/Docs/usereditor.doc,-lh5-,4564,2214,250636
ABBS/Docs/usereditor.doc.info,-lh5-,1437,547,252914
ABBS/Doors/DAYS/DAYS.ABBS,-lh5-,5507,1940,253521
ABBS/Doors/DAYS/DAYS.DOC,-lh5-,2344,1158,255520
ABBS/Doors/Node0Config,-lh5-,104,77,256735
ABBS/Doors/Node0Menu,-lh0-,11,11,256867
ABBS/FileHeaders/PRIVATE.fl,-lh0-,0,0,256940
ABBS/FileHeaders/UPLOAD.fl,-lh0-,0,0,257001
ABBS/Files/Private/,-lh0-,0,0,257055
ABBS/Files/Upload/,-lh0-,0,0,257108
ABBS/file_id.diz,-lh5-,504,226,257159
ABBS/Help/FE.guide,-lh5-,20233,5001,257438
ABBS/History,-lh5-,15529,6323,262486
ABBS/Hold/node1/,-lh0-,0,0,268860
ABBS/Hold/node2/,-lh0-,0,0,268911
ABBS/Install ABBS,-lh5-,17493,4716,268963
ABBS/Install ABBS.info,-lh5-,1887,1016,273736
ABBS/installer,-lh5-,109956,60618,274801
ABBS/l/fifo-handler,-lh5-,7336,4301,335473
ABBS/libs/fifo.library,-lh5-,4256,2554,339831
ABBS/libs/xprymodem.library,-lh5-,14432,8209,342447
ABBS/libs/XPRZmodem.library,-lh5-,17752,10333,350718
ABBS/s/cookies,-lh5-,129849,57403,361100
ABBS/s/DITOPCONF.exclude,-lh0-,35,35,418562
ABBS/s/DITOPLOG.exclude,-lh0-,17,17,418655
ABBS/s/DITOPLOG.ratio,-lh5-,970,466,418728
ABBS/s/DITOPWRITERS.exclude,-lh0-,17,17,419256
ABBS/sys/Check,-lh5-,651,231,419322
ABBS/sys/Download.abbs,-lh5-,142,108,419610
ABBS/sys/extract.arc,-lh0-,134,134,419773
ABBS/sys/extract.lha,-lh0-,147,147,419962
ABBS/sys/extract.lzh,-lh0-,147,147,420164
ABBS/sys/extract.zoo.donotuse,-lh5-,195,149,420375
ABBS/sys/login/Clock.abbs,-lh5-,538,135,420584
ABBS/sys/login/Clock1.abbs,-lh5-,4550,1258,420780
ABBS/sys/LoginScript.abbs,-lh5-,2529,945,422098
ABBS/sys/logout.script,-lh0-,42,42,423100
ABBS/sys/LogoutScript.abbs,-lh5-,418,273,423203
ABBS/sys/Newuser.abbs,-lh5-,8124,2314,423532
ABBS/sys/newuser/ansi,-lh5-,404,225,425902
ABBS/sys/newuser/Archives,-lh5-,352,94,426187
ABBS/sys/newuser/color,-lh5-,248,151,426338
ABBS/sys/newuser/expertlevel,-lh5-,140,113,426552
ABBS/sys/newuser/length,-lh5-,83,72,426723
ABBS/sys/newuser/Protocol,-lh5-,351,129,426855
ABBS/sys/newuser/WELCOME,-lh5-,88,70,427043
ABBS/sys/pack.arc,-lh0-,133,133,427165
ABBS/sys/pack.lha,-lh0-,126,126,427350
ABBS/sys/pack.lzh,-lh0-,129,129,427528
ABBS/sys/pack.zip,-lh0-,244,244,427709
ABBS/sys/pack.zoo,-lh0-,141,141,428005
ABBS/sys/Questionnaire.ABBS,-lh5-,722,320,428208
ABBS/sys/shell-startup,-lh5-,118,113,428585
ABBS/sys/Upload.script,-lh5-,662,238,428755
ABBS/sys/view,-lh5-,374,163,429041
ABBS/Text/boardstat_,-lh5-,601,195,429259
ABBS/Text/BulletinHelp,-lh5-,270,143,429511
ABBS/Text/charsetlist,-lh5-,1030,432,429710
ABBS/Text/charsetlist.ansi,-lh5-,340,130,430203
ABBS/Text/chatmenu,-lh5-,527,157,430386
ABBS/Text/chatmenu.ansi,-lh5-,504,184,430601
ABBS/Text/chatmenu.raw,-lh5-,644,227,430842
ABBS/Text/conferencelist,-lh5-,97,85,431128
ABBS/Text/Conf_text/FILEINFO,-lh5-,940,231,431276
ABBS/Text/Conf_text/NEWS,-lh5-,940,231,431566
ABBS/Text/Conf_text/POST,-lh5-,940,236,431856
ABBS/Text/Conf_text/USERINFO,-lh5-,940,238,432155
ABBS/Text/download,-lh5-,295,123,432446
ABBS/Text/download.ansi,-lh5-,540,179,432627
ABBS/Text/download.raw,-lh5-,564,224,432863
ABBS/Text/expertmodehelp,-lh5-,567,312,433146
ABBS/Text/failedpassword,-lh0-,30,30,433517
ABBS/Text/filelist,-lh0-,53,53,433600
ABBS/Text/filemenu,-lh5-,814,300,433706
ABBS/Text/filemenu.ansi,-lh5-,1276,412,434064
ABBS/Text/filemenu.raw,-lh5-,1438,442,434533
ABBS/Text/globalmenu,-lh5-,624,302,435030
ABBS/Text/globalmenu.ansi,-lh5-,934,398,435392
ABBS/Text/globalmenu.raw,-lh5-,1077,419,435849
ABBS/Text/Grabformat,-lh5-,145,94,436323
ABBS/Text/Grabformat.ansi,-lh5-,301,147,436477
ABBS/Text/GrabFormat.raw,-lh5-,363,167,436683
ABBS/Text/loginfile,-lh5-,905,242,436904
ABBS/Text/loginfile.bak,-lh5-,904,242,437204
ABBS/Text/logintxt1,-lh5-,1236,599,437500
ABBS/Text/logintxt2,-lh5-,641,378,438153
ABBS/Text/logoutfile,-lh5-,212,77,438586
ABBS/Text/logoutfile.ansi,-lh5-,464,130,438723
ABBS/Text/logoutfile.raw,-lh5-,602,176,438912
ABBS/Text/mainmenu,-lh5-,305,120,439141
ABBS/Text/mainmenu.ansi,-lh5-,446,183,439319
ABBS/Text/mainmenu.raw,-lh5-,544,202,439559
ABBS/Text/maintenance,-lh5-,749,247,439817
ABBS/Text/maintenance.ansi,-lh5-,1055,330,440125
ABBS/Text/maintenance.raw,-lh5-,1203,357,440515
ABBS/Text/markmenu,-lh5-,1242,434,440925
ABBS/Text/markmenu.ansi,-lh5-,1490,511,441417
ABBS/Text/markmenu.raw,-lh5-,1705,539,441985
ABBS/Text/messagefilterhelp,-lh5-,359,208,442586
ABBS/Text/MiscMenu,-lh0-,30,30,442847
ABBS/Text/MiscMenu.ansi,-lh0-,30,30,442935
ABBS/Text/MiscMenu.raw,-lh0-,30,30,443022
ABBS/Text/nodemenu,-lh5-,1883,293,443105
ABBS/Text/nodepublicmenu,-lh5-,1036,250,443457
ABBS/Text/postloginfile,-lh5-,895,218,443765
ABBS/Text/postloginfile.ansi,-lh5-,1440,245,444046
ABBS/Text/postloginfile.raw,-lh5-,1593,373,444353
ABBS/Text/protocolslist,-lh5-,457,172,444784
ABBS/Text/protocolslist.ansi,-lh5-,576,227,445019
ABBS/Text/protocolslist.raw,-lh5-,851,256,445308
ABBS/Text/readmenu,-lh5-,1009,343,445617
ABBS/Text/readmenu.ansi,-lh5-,1278,421,446018
ABBS/Text/readmenu.raw,-lh5-,1506,477,446496
ABBS/Text/scrformatlist,-lh5-,351,130,447031
ABBS/Text/scrformatlist.ansi,-lh5-,582,175,447224
ABBS/Text/scrformatlist.raw,-lh5-,692,199,447461
ABBS/Text/searchmenu,-lh5-,495,158,447715
ABBS/Text/searchmenu.ansi,-lh5-,508,206,447933
ABBS/Text/searchmenu.raw,-lh5-,745,233,448198
ABBS/Text/SigOpmaintenance,-lh5-,349,134,448492
ABBS/Text/SigOpmaintenance.ansi,-lh5-,510,201,448692
ABBS/Text/SigOpmaintenance.raw,-lh5-,610,223,448958
ABBS/Text/sigopmenu,-lh5-,354,140,449235
ABBS/Text/sigopmenu.ansi,-lh5-,525,210,449434
ABBS/Text/sigopmenu.raw,-lh5-,625,229,449702
ABBS/Text/sysopmenu,-lh5-,1207,403,449985
ABBS/Text/sysopmenu.ansi,-lh5-,1592,493,450447
ABBS/Text/sysopmenu.raw,-lh5-,2027,548,450998
ABBS/Text/upload,-lh5-,203,102,451597
ABBS/Text/upload.ansi,-lh5-,470,157,451755
ABBS/Text/upload.raw,-lh5-,405,178,451967
ABBS/Text/utilitymenu,-lh5-,637,226,452201
ABBS/Text/utilitymenu.ansi,-lh5-,932,307,452488
ABBS/Text/utilitymenu.raw,-lh5-,1047,330,452855
ABBS/Utils.info,-lh5-,1233,736,453235
ABBS/Utils/abbsusers,-lh5-,2600,1601,454026
ABBS/Utils/AddFile,-lh5-,15780,9645,455680
ABBS/Utils/AddMsg,-lh5-,13860,8565,465377
ABBS/Utils/Broadcast,-lh5-,6252,4208,473997
ABBS/Utils/checkconferences,-lh5-,14280,9083,478267
ABBS/Utils/ConfigBBS,-lh5-,30808,16042,487405
ABBS/Utils/ConfigBBS.info,-lh5-,1603,1009,503507
ABBS/Utils/Confignode,-lh5-,36664,16703,504572
ABBS/Utils/Confignode.info,-lh5-,1603,1011,521336
ABBS/Utils/ConvertConfig,-lh5-,12800,7648,522406
ABBS/Utils/ditopconfs,-lh5-,16592,10257,530110
ABBS/Utils/ditoplogins,-lh5-,17444,10661,540424
ABBS/Utils/ditopwriters,-lh5-,16312,10104,551143
ABBS/Utils/FE,-lh5-,73372,30454,561295
ABBS/Utils/FE.info,-lh5-,1603,1012,591802
ABBS/Utils/flextractor,-lh5-,16880,10235,592871
ABBS/Utils/flmaker,-lh5-,13860,8692,603159
ABBS/Utils/SysopAvail,-lh5-,2872,1634,611907
ABBS/Utils/UserEditor,-lh5-,27772,13476,613597
ABBS/Utils/UserEditor.info,-lh5-,1603,1011,627134
ABBS/Utils/ZapFile,-lh5-,6792,4522,628198
ABBS/ABBS,-lh5-,251604,118816,632764
